Month,Day,Year,Mean Temperature,Max Temperature,Min Temperature,Dew Point,Average Humidity,Maximum Humidity,Minimum Humidity,Precipitation,Wind Speed,Max Wind Speed,Max Gust Speed
1,1,2013,33,40,26,22,54,64,44,0.00,7,15,26
1,2,2013,28,33,22,11,48,57,39,0.00,6,15,22
1,3,2013,28,32,24,14,56,68,43,0.00,5,13,20
1,4,2013,34,37,30,19,56,63,48,0.00,8,18,28
1,5,2013,37,42,32,19,48,56,39,0.00,7,17,26
1,6,2013,40,46,34,27,67,89,45,T,7,13,20
1,7,2013,41,45,37,23,50,64,36,0.00,5,16,25
1,8,2013,42,48,35,27,59,70,48,0.00,7,17,25
1,9,2013,44,49,39,32,65,76,54,0.00,4,14,22
1,10,2013,44,47,40,23,48,62,34,0.00,7,15,22
1,11,2013,42,46,37,35,74,100,48,0.55,5,10,14
1,12,2013,45,47,42,42,93,100,86,0.02,4,10,14
1,13,2013,47,50,43,44,93,100,86,0.00,3,12,18
1,14,2013,47,56,38,45,73,100,46,0.09,3,14,21
1,15,2013,37,38,35,26,72,89,54,0.12,7,13,19
1,16,2013,35,37,32,32,83,96,70,0.69,5,16,27
1,17,2013,39,43,35,26,66,82,49,0.00,6,13,20
1,18,2013,30,35,25,9,46,61,31,0.00,7,14,23
1,19,2013,41,51,30,22,48,64,32,0.00,10,20,32
1,20,2013,42,53,30,20,41,64,18,0.00,11,23,37
1,21,2013,29,32,26,10,47,58,35,0.00,5,15,22
1,22,2013,20,27,13,0,43,58,28,T,11,20,29
1,23,2013,16,20,11,-5,42,53,31,0.00,8,17,26
1,24,2013,17,22,12,-2,46,61,31,0.00,8,20,31
1,25,2013,19,24,13,8,62,84,39,0.07,7,15,23
1,26,2013,21,27,15,7,59,80,38,0.00,7,17,27
1,27,2013,27,34,19,8,50,67,33,0.00,6,14,21
1,28,2013,33,36,29,26,69,96,42,0.22,5,13,20
1,29,2013,43,49,36,37,82,93,70,0.06,4,10,29
1,30,2013,49,59,39,46,89,100,77,0.04,5,15,23
1,31,2013,46,61,30,35,63,93,32,0.90,12,26,43
2,1,2013,28,31,24,9,46,60,31,0.00,9,15,32
2,2,2013,24,29,19,10,58,81,34,0.02,7,16,26
2,3,2013,27,30,24,18,67,81,53,0.02,4,10,15
2,4,2013,27,30,23,9,54,69,39,0.00,7,17,32
2,5,2013,30,32,28,24,68,85,50,0.02,5,13,15
2,6,2013,34,39,29,19,62,92,31,0.00,5,15,22
2,7,2013,29,32,26,10,44,59,29,0.00,6,10,13
2,8,2013,31,34,27,29,78,92,63,1.15,14,25,37
2,9,2013,27,32,21,18,64,92,36,0.38,9,18,31
2,10,2013,27,36,18,11,51,67,35,0.00,3,13,20
2,11,2013,40,45,34,39,74,100,47,0.49,4,10,18
2,12,2013,40,44,36,25,64,83,45,0.00,9,17,32
2,13,2013,39,44,33,25,61,82,40,0.03,3,12,18
2,14,2013,40,46,33,28,63,89,37,T,4,13,18
2,15,2013,46,55,37,31,59,76,41,0.00,6,16,24
2,16,2013,36,41,31,25,69,92,45,0.02,7,15,25
2,17,2013,25,32,18,3,37,47,27,0.00,12,25,40
2,18,2013,26,35,17,4,39,49,28,0.00,8,17,31
2,19,2013,41,49,33,29,64,89,38,0.15,7,18,28
2,20,2013,32,38,25,12,45,54,36,0.00,12,22,34
2,21,2013,29,34,24,10,49,60,38,0.00,10,21,32
2,22,2013,32,38,25,21,59,70,48,0.00,7,16,24
2,23,2013,39,42,36,36,85,93,76,0.26,9,21,30
2,24,2013,41,47,34,32,72,92,52,0.01,7,17,32
2,25,2013,39,45,32,24,57,69,45,0.00,5,12,18
2,26,2013,40,44,35,30,75,92,57,0.14,8,20,28
2,27,2013,42,47,36,38,83,100,65,1.56,11,24,37
2,28,2013,45,51,39,32,58,70,46,T,5,12,19
3,1,2013,41,45,36,27,60,75,45,0.00,5,15,23
3,2,2013,36,40,31,23,59,69,48,T,8,13,19
3,3,2013,35,40,29,17,56,72,40,T,8,16,25
3,4,2013,35,42,27,17,52,63,40,0.00,10,18,29
3,5,2013,40,49,31,22,50,63,37,0.00,7,15,25
3,6,2013,40,42,38,30,69,82,55,0.00,16,30,46
3,7,2013,36,38,33,30,78,96,59,0.19,10,26,37
3,8,2013,37,42,31,30,76,100,51,0.56,8,17,27
3,9,2013,45,55,35,21,40,59,21,0.00,6,16,23
3,10,2013,43,50,36,32,70,82,58,0.00,5,13,16
3,11,2013,47,54,40,40,81,93,68,0.00,7,16,24
3,12,2013,50,57,43,47,81,96,65,0.79,8,20,37
3,13,2013,45,52,38,27,54,76,31,0.00,6,17,27
3,14,2013,35,41,29,10,41,59,23,0.00,12,21,34
3,15,2013,39,47,30,17,46,57,35,0.00,8,16,26
3,16,2013,37,41,32,27,67,89,44,0.12,4,13,19
3,17,2013,34,38,29,16,57,82,32,0.00,6,14,23
3,18,2013,32,35,28,19,68,100,35,0.60,10,17,24
3,19,2013,38,43,33,32,78,96,59,0.36,10,23,33
3,20,2013,39,45,32,17,46,64,28,T,8,20,28
3,21,2013,35,40,30,15,54,78,30,T,6,14,23
3,22,2013,35,41,28,15,48,58,37,0.00,9,17,26
3,23,2013,39,46,32,17,44,56,31,0.00,10,18,31
3,24,2013,40,47,33,20,47,59,34,0.00,5,13,18
3,25,2013,38,40,36,30,71,92,50,0.17,9,24,36
3,26,2013,45,53,37,26,54,76,32,0.00,5,13,20
3,27,2013,45,53,36,23,43,60,26,0.00,6,16,24
3,28,2013,44,51,37,28,56,70,42,T,6,13,23
3,29,2013,48,55,40,26,47,64,29,0.00,6,15,24
3,30,2013,50,59,40,25,42,64,19,0.00,4,12,17
3,31,2013,49,54,44,33,61,93,29,0.08,6,16,24
4,1,2013,50,62,37,37,62,93,30,T,7,20,31
4,2,2013,38,43,33,10,33,43,22,0.00,10,18,30
4,3,2013,40,46,33,9,31,41,20,0.00,11,15,31
4,4,2013,43,53,33,18,40,53,26,0.00,6,13,22
4,5,2013,53,64,41,22,37,57,16,0.00,6,17,29
4,6,2013,44,52,35,15,36,57,14,0.00,6,20,31
4,7,2013,48,55,40,33,56,71,40,0.00,7,14,31
4,8,2013,62,73,51,41,52,77,27,0.00,4,16,26
4,9,2013,67,82,51,42,53,89,16,T,5,17,31
4,10,2013,65,74,55,50,65,86,44,0.49,5,16,32
4,11,2013,54,60,47,48,77,93,60,T,6,15,23
4,12,2013,44,47,41,39,82,93,71,0.63,11,23,34
4,13,2013,50,58,41,37,67,93,41,0.01,3,13,19
4,14,2013,52,57,46,29,46,61,30,0.00,6,16,24
4,15,2013,52,59,44,29,51,71,30,0.00,6,14,18
4,16,2013,55,63,47,46,70,80,60,0.00,7,18,26
4,17,2013,63,71,55,43,53,78,28,0.02,5,12,19
4,18,2013,55,59,51,43,70,100,40,0.01,6,17,27
4,19,2013,63,71,55,56,80,93,66,0.05,7,16,26
4,20,2013,52,60,43,35,54,83,25,0.06,9,16,30
4,21,2013,46,55,37,21,40,58,22,0.00,5,15,23
4,22,2013,48,55,41,31,53,67,38,0.00,10,21,26
4,23,2013,47,53,41,35,69,76,62,0.00,9,20,31
4,24,2013,57,69,44,43,64,83,45,0.00,5,12,19
4,25,2013,56,66,46,29,48,77,18,0.00,5,16,28
4,26,2013,59,67,50,29,32,45,18,0.00,3,13,23
4,27,2013,60,71,48,27,32,46,18,0.00,5,13,18
4,28,2013,60,69,51,33,41,59,22,0.00,4,14,21
4,29,2013,55,57,52,46,69,77,61,0.04,5,13,22
4,30,2013,60,68,51,35,54,89,18,0.00,5,10,-
5,1,2013,58,69,47,36,49,71,27,0.00,5,16,26
5,2,2013,61,72,49,40,54,80,27,0.00,4,9,14
5,3,2013,58,66,49,39,57,80,34,0.00,7,17,27
5,4,2013,59,69,48,41,61,86,35,0.00,6,16,22
5,5,2013,55,64,46,39,56,76,36,0.00,6,14,19
5,6,2013,58,69,46,46,69,86,52,0.00,4,12,16
5,7,2013,63,74,52,52,68,83,53,0.00,6,10,14
5,8,2013,59,63,55,57,88,97,78,3.02,6,12,17
5,9,2013,61,68,54,55,80,93,67,0.50,4,9,13
5,10,2013,69,79,59,54,61,80,42,0.01,4,10,20
5,11,2013,66,70,61,61,89,100,78,1.09,3,10,18
5,12,2013,61,70,51,39,59,93,24,T,8,16,29
5,13,2013,52,58,45,27,44,58,29,0.00,7,15,25
5,14,2013,52,61,42,26,45,70,19,0.00,4,10,17
5,15,2013,62,69,54,45,56,73,38,0.00,10,22,28
5,16,2013,71,79,62,50,55,78,32,0.00,4,13,23
5,17,2013,65,72,58,39,40,51,29,0.00,4,17,26
5,18,2013,61,65,56,48,62,80,43,0.01,2,9,16
5,19,2013,57,59,55,55,84,100,67,0.60,5,12,18
5,20,2013,69,79,58,60,82,100,64,0.00,2,10,15
5,21,2013,77,86,68,65,70,84,55,0.00,5,13,22
5,22,2013,69,78,59,63,79,90,68,0.00,3,16,24
5,23,2013,72,80,64,66,84,100,67,1.81,5,12,22
5,24,2013,55,65,45,54,88,100,76,0.30,5,15,30
5,25,2013,50,54,45,41,76,92,59,0.14,9,17,34
5,26,2013,57,66,48,35,48,66,30,0.00,8,20,29
5,27,2013,62,73,51,36,39,54,23,0.00,4,12,20
5,28,2013,62,68,56,52,72,100,43,0.52,3,10,17
5,29,2013,70,82,58,61,79,100,58,0.00,2,10,16
5,30,2013,81,90,72,63,56,73,38,0.00,5,10,17
5,31,2013,83,90,75,63,52,69,35,0.00,4,10,18
6,1,2013,82,90,73,65,59,73,45,0.00,4,12,20
6,2,2013,79,88,69,66,73,97,48,0.85,6,15,26
6,3,2013,72,78,66,67,71,97,45,0.87,3,12,19
6,4,2013,66,75,57,41,43,57,29,0.00,5,13,21
6,5,2013,66,74,58,44,57,78,36,0.00,4,10,19
6,6,2013,65,70,59,55,72,97,47,0.13,5,13,21
6,7,2013,61,63,59,59,95,100,90,4.16,8,20,32
6,8,2013,67,77,57,58,77,93,61,0.48,4,15,20
6,9,2013,72,80,63,58,63,84,42,0.00,2,10,17
6,10,2013,66,70,62,63,84,100,68,1.38,6,14,25
6,11,2013,72,80,64,64,79,100,58,0.09,6,16,30
6,12,2013,71,76,65,52,54,70,38,0.00,5,16,29
6,13,2013,62,69,55,58,74,93,55,1.26,7,20,31
6,14,2013,63,72,53,53,73,93,53,0.38,5,18,28
6,15,2013,71,80,61,51,55,78,32,0.00,4,12,21
6,16,2013,73,80,65,56,58,73,43,0.00,4,15,29
6,17,2013,77,84,69,64,68,84,51,0.01,3,10,23
6,18,2013,74,84,64,64,72,93,51,0.19,4,12,16
6,19,2013,68,77,59,53,62,93,31,0.01,5,13,19
6,20,2013,71,80,62,53,56,67,45,0.00,4,12,20
6,21,2013,73,82,64,52,53,63,42,0.00,5,10,21
6,22,2013,75,84,65,54,53,61,44,0.00,4,10,20
6,23,2013,79,88,70,65,67,82,51,0.00,5,14,24
6,24,2013,83,92,74,67,64,87,40,0.00,4,13,20
6,25,2013,82,91,73,66,59,73,44,T,3,14,28
6,26,2013,80,85,74,66,67,82,51,0.05,4,12,19
6,27,2013,80,86,73,70,75,93,57,0.24,4,13,24
6,28,2013,79,85,73,69,74,93,55,T,5,12,22
6,29,2013,77,83,71,67,71,84,58,0.00,4,12,18
6,30,2013,80,86,73,71,80,94,65,T,3,10,20
7,1,2013,75,77,72,71,88,93,82,0.84,3,14,26
7,2,2013,77,82,72,72,84,94,74,0.08,3,12,22
7,3,2013,78,83,73,73,87,100,74,0.53,4,12,18
7,4,2013,81,87,75,72,80,100,59,0.00,4,14,23
7,5,2013,83,90,76,71,69,87,51,0.00,5,13,19
7,6,2013,85,92,78,70,62,79,44,0.00,5,13,21
7,7,2013,85,92,78,70,63,74,51,0.00,4,13,23
7,8,2013,81,89,73,67,67,87,46,0.22,5,13,24
7,9,2013,81,88,74,68,71,88,53,0.23,3,15,25
7,10,2013,80,85,75,71,73,87,59,T,4,13,20
7,11,2013,80,84,76,67,66,85,47,T,4,10,17
7,12,2013,73,77,68,65,74,93,54,0.25,10,18,27
7,13,2013,74,81,67,70,86,97,74,0.06,5,13,18
7,14,2013,82,90,74,71,76,100,51,0.00,4,10,16
7,15,2013,86,94,78,70,62,79,44,0.00,4,9,16
7,16,2013,86,94,77,65,54,71,36,0.00,5,14,20
7,17,2013,88,97,79,68,53,71,34,0.00,3,9,16
7,18,2013,90,98,81,69,52,65,38,0.00,4,9,15
7,19,2013,90,96,83,73,60,74,46,0.00,5,15,25
7,20,2013,87,93,81,69,58,69,47,0.00,6,15,26
7,21,2013,83,89,76,64,58,79,36,0.00,5,12,17
7,22,2013,81,86,75,71,80,94,65,0.06,5,12,17
7,23,2013,80,87,73,72,75,94,55,0.31,4,14,23
7,24,2013,76,83,68,62,62,79,45,0.00,5,14,22
7,25,2013,66,68,64,53,63,73,52,0.01,9,17,25
7,26,2013,74,83,65,58,59,78,40,0.00,5,13,18
7,27,2013,76,82,70,62,65,84,45,0.00,3,12,21
7,28,2013,74,78,70,67,80,93,67,0.24,2,13,20
7,29,2013,77,85,69,63,66,97,34,0.01,4,14,22
7,30,2013,75,83,67,54,51,63,39,0.00,4,10,17
7,31,2013,75,83,67,57,54,68,39,0.00,3,8,17
8,1,2013,71,76,66,65,79,97,60,0.65,3,10,16
8,2,2013,75,83,67,63,69,97,40,0.00,5,13,25
8,3,2013,73,78,68,61,63,73,53,0.06,3,13,18
8,4,2013,73,80,66,54,57,78,36,0.00,5,13,21
8,5,2013,70,78,62,47,48,67,29,0.00,3,10,16
8,6,2013,73,82,64,54,54,73,35,0.00,3,9,17
8,7,2013,75,80,70,62,65,79,51,T,5,13,22
8,8,2013,76,81,70,70,86,97,74,0.46,4,10,19
8,9,2013,80,85,74,72,80,94,65,0.05,4,16,22
8,10,2013,77,83,70,60,61,82,39,0.00,5,14,21
8,11,2013,73,81,65,54,52,68,36,0.00,3,9,14
8,12,2013,76,82,70,65,70,90,49,0.05,2,8,13
8,13,2013,73,77,68,67,83,97,69,0.85,3,12,18
8,14,2013,68,74,61,49,64,87,41,0.00,6,15,27
8,15,2013,69,78,59,48,52,72,31,0.00,4,10,16
8,16,2013,73,82,64,52,52,73,30,0.00,2,8,13
8,17,2013,74,84,64,53,51,68,34,0.00,2,8,11
8,18,2013,72,76,68,55,57,73,41,T,3,10,15
8,19,2013,73,79,66,59,64,79,48,T,3,9,17
8,20,2013,78,88,68,62,61,84,37,0.00,3,9,14
8,21,2013,81,90,72,62,54,73,34,0.00,3,8,14
8,22,2013,75,78,71,70,84,93,74,0.25,4,10,16
8,23,2013,77,82,71,58,59,84,33,0.00,6,13,19
8,24,2013,73,80,65,51,48,68,28,0.00,5,14,20
8,25,2013,74,83,64,53,55,78,31,0.00,4,10,19
8,26,2013,76,84,68,59,70,93,46,0.04,6,14,22
8,27,2013,79,87,71,66,69,90,48,0.01,5,12,17
8,28,2013,79,86,71,70,76,93,58,0.43,3,9,14
8,29,2013,76,80,71,67,78,93,62,T,5,12,18
8,30,2013,78,85,70,65,66,84,48,0.00,4,13,20
8,31,2013,80,86,73,69,73,84,61,0.00,5,13,24
9,1,2013,80,84,75,70,76,87,65,0.00,2,10,17
9,2,2013,78,82,74,72,82,94,69,0.05,1,12,17
9,3,2013,75,82,68,65,67,93,40,0.03,3,12,19
9,4,2013,74,82,65,54,54,73,35,0.00,5,12,18
9,5,2013,72,80,64,48,48,68,27,0.00,6,13,19
9,6,2013,65,72,57,41,42,57,27,0.00,4,12,17
9,7,2013,70,80,59,47,48,67,28,0.00,3,10,14
9,8,2013,74,83,64,52,45,63,27,T,7,15,25
9,9,2013,65,73,57,48,51,68,34,0.00,4,12,17
9,10,2013,78,87,68,66,71,84,57,0.01,6,12,22
9,11,2013,87,96,77,71,64,79,49,0.00,4,12,21
9,12,2013,79,87,70,70,79,97,61,1.60,4,15,24
9,13,2013,68,77,59,57,70,93,47,0.06,5,14,24
9,14,2013,61,67,54,44,55,66,44,0.00,5,12,19
9,15,2013,62,73,51,44,54,77,31,0.00,4,9,14
9,16,2013,65,73,56,52,61,78,44,0.03,5,14,21
9,17,2013,58,65,50,37,49,61,36,0.00,5,17,25
9,18,2013,62,72,51,43,51,69,33,0.00,3,9,15
9,19,2013,67,78,55,48,52,72,31,0.00,3,8,13
9,20,2013,70,79,60,54,60,78,42,0.00,3,9,16
9,21,2013,69,77,61,62,77,90,64,0.72,4,16,28
9,22,2013,62,69,54,54,68,93,42,0.45,6,14,24
9,23,2013,58,66,50,40,54,71,37,0.00,4,12,19
9,24,2013,60,73,47,40,54,76,31,0.00,4,12,17
9,25,2013,63,73,52,44,52,71,33,0.00,2,7,11
9,26,2013,65,71,58,53,69,80,57,0.00,4,10,16
9,27,2013,63,69,57,50,66,80,52,0.00,5,10,14
9,28,2013,65,73,56,50,62,83,41,0.00,5,12,17
9,29,2013,65,72,57,53,66,87,44,0.00,3,9,14
9,30,2013,66,75,56,51,62,86,38,0.00,3,12,17
10,1,2013,71,82,59,53,53,72,34,0.00,2,10,15
10,2,2013,74,83,64,56,56,68,43,0.00,4,13,21
10,3,2013,71,78,63,54,57,78,36,0.00,2,7,12
10,4,2013,76,86,66,61,65,84,45,T,3,9,14
10,5,2013,70,76,64,61,74,87,60,0.00,4,8,14
10,6,2013,68,70,65,64,89,93,84,T,6,10,17
10,7,2013,68,76,60,64,77,90,64,0.25,6,15,29
10,8,2013,61,67,54,42,55,71,39,0.00,6,13,19
10,9,2013,58,62,53,44,60,72,47,0.00,8,18,27
10,10,2013,60,65,54,49,70,77,62,T,9,16,25
10,11,2013,64,68,60,55,71,90,52,0.02,9,17,25
10,12,2013,66,72,60,46,50,72,27,0.00,11,21,29
10,13,2013,61,65,56,49,67,77,56,0.00,9,17,26
10,14,2013,59,66,52,47,66,83,48,0.00,2,8,12
10,15,2013,63,72,53,49,67,89,44,0.00,3,8,13
10,16,2013,62,67,56,54,75,86,63,0.00,3,8,12
10,17,2013,67,73,61,59,74,90,57,0.02,3,9,18
10,18,2013,62,68,55,45,59,81,37,0.00,7,15,26
10,19,2013,58,64,52,45,60,80,40,0.01,3,10,20
10,20,2013,57,63,50,39,55,80,30,0.00,6,14,23
10,21,2013,58,66,50,37,46,62,29,0.00,4,10,19
10,22,2013,59,67,51,44,57,67,47,0.00,5,12,19
10,23,2013,50,55,45,35,55,66,44,0.00,4,14,21
10,24,2013,48,54,41,28,50,70,29,0.00,7,15,23
10,25,2013,47,53,40,28,51,70,32,0.00,5,15,23
10,26,2013,48,55,41,29,50,67,32,0.00,6,17,26
10,27,2013,52,58,46,29,42,53,30,0.00,5,13,22
10,28,2013,52,61,43,30,47,62,31,0.00,4,13,21
10,29,2013,50,56,44,30,46,54,38,0.00,5,10,14
10,30,2013,54,60,47,42,61,72,50,0.00,2,9,13
10,31,2013,60,66,53,55,79,90,67,0.06,4,13,23
11,1,2013,65,70,59,57,69,87,51,0.13,5,23,43
11,2,2013,62,68,55,44,62,87,37,0.00,4,10,18
11,3,2013,46,55,37,30,57,71,42,0.00,6,15,21
11,4,2013,41,46,35,16,37,47,27,0.00,6,15,24
11,5,2013,48,55,41,34,56,67,45,0.00,4,10,14
11,6,2013,55,61,49,44,65,80,49,0.00,4,9,19
11,7,2013,54,64,44,48,67,84,49,0.13,7,15,24
11,8,2013,45,50,40,25,50,65,34,0.00,9,16,28
11,9,2013,44,50,38,26,46,59,32,0.00,5,13,23
11,10,2013,53,61,44,30,47,65,29,T,8,18,33
11,11,2013,48,53,43,26,42,49,35,0.00,6,16,26
11,12,2013,42,52,31,23,56,75,37,0.03,6,16,29
11,13,2013,34,39,29,13,43,58,27,0.00,6,14,22
11,14,2013,43,52,33,15,35,51,19,0.00,8,17,31
11,15,2013,51,57,44,22,33,41,24,0.00,5,13,23
11,16,2013,53,60,45,40,61,83,38,0.05,3,12,17
11,17,2013,56,60,51,53,85,93,77,0.03,4,10,16
11,18,2013,58,65,51,44,60,93,26,0.22,7,20,31
11,19,2013,44,51,36,22,42,48,36,0.00,9,20,31
11,20,2013,38,44,32,15,40,56,24,0.00,7,15,23
11,21,2013,44,52,35,31,55,66,44,0.00,5,10,14
11,22,2013,54,57,51,45,76,89,63,0.07,6,12,18
11,23,2013,43,54,31,23,53,77,28,T,10,21,34
11,24,2013,27,30,23,2,34,44,24,0.00,12,25,43
11,25,2013,29,35,23,9,43,50,35,0.00,6,15,23
11,26,2013,40,47,33,27,65,92,37,0.51,4,12,21
11,27,2013,49,62,35,46,73,93,52,1.98,10,20,37
11,28,2013,33,35,30,10,43,53,32,0.00,7,22,39
11,29,2013,34,39,29,15,46,53,38,0.00,4,13,19
11,30,2013,32,39,25,17,51,64,38,0.00,5,12,16
12,1,2013,43,49,36,29,61,76,46,0.00,2,7,10
12,2,2013,45,49,41,34,68,82,53,0.00,3,8,11
12,3,2013,46,53,38,34,66,86,46,0.00,3,8,12
12,4,2013,47,52,41,36,64,73,54,0.00,3,8,12
12,5,2013,54,60,48,50,83,93,72,0.01,2,9,17
12,6,2013,50,62,37,43,84,90,77,0.73,6,15,22
12,7,2013,37,41,32,26,65,89,40,0.14,6,13,22
12,8,2013,31,33,29,21,65,85,45,0.08,6,15,20
12,9,2013,35,39,31,32,86,92,79,0.30,7,22,31
12,10,2013,34,37,30,28,74,89,58,0.23,6,14,24
12,11,2013,30,33,27,13,48,55,41,0.00,8,15,25
12,12,2013,27,30,23,6,47,57,37,0.00,7,16,26
12,13,2013,29,35,23,10,43,47,38,0.00,6,18,28
12,14,2013,28,34,22,21,66,88,43,0.73,10,21,31
12,15,2013,35,40,30,28,72,92,52,0.72,9,21,28
12,16,2013,29,33,25,10,46,56,35,0.00,8,17,26
12,17,2013,28,32,24,21,64,85,42,0.19,6,13,17
12,18,2013,30,37,23,18,64,81,47,0.00,7,14,24
12,19,2013,39,47,30,22,52,63,41,0.00,5,15,24
12,20,2013,47,53,41,31,55,68,41,0.00,5,16,27
12,21,2013,58,65,51,47,67,77,56,0.01,8,16,26
12,22,2013,66,71,61,56,70,78,61,T,6,16,27
12,23,2013,53,64,42,52,80,93,67,0.51,5,17,28
12,24,2013,34,42,26,19,56,72,40,T,8,18,29
12,25,2013,25,31,19,7,46,53,38,0.00,5,21,35
12,26,2013,33,36,30,20,58,64,51,T,5,14,23
12,27,2013,36,40,31,19,51,61,40,0.00,6,12,20
12,28,2013,46,55,36,23,41,52,29,0.00,7,16,27
12,29,2013,45,48,41,36,66,93,39,1.20,6,16,26
12,30,2013,34,45,23,24,60,76,43,0.00,6,15,25
12,31,2013,27,32,21,10,51,63,38,T,6,17,28
1,1,2014,29,33,24,13,49,59,38,0.00,6,14,23
1,2,2014,26,33,18,20,70,84,56,0.33,12,21,28
1,3,2014,14,18,9,1,63,84,42,0.29,10,21,29
1,4,2014,19,29,8,3,51,66,35,0.00,5,9,20
1,5,2014,34,40,27,27,75,92,58,0.14,4,7,17
1,6,2014,37,55,19,34,72,100,43,0.36,9,18,29
1,7,2014,12,19,4,-12,42,49,35,0.00,13,23,38
1,8,2014,16,22,9,-3,47,55,39,0.00,7,15,23
1,9,2014,27,32,22,8,45,57,33,0.00,3,12,16
1,10,2014,34,37,30,28,71,92,49,0.11,3,8,11
1,11,2014,48,58,37,48,89,93,85,0.50,7,17,28
1,12,2014,46,54,38,32,64,83,45,0.05,8,20,31
1,13,2014,44,51,37,31,59,66,52,0.00,5,14,24
1,14,2014,48,52,44,41,75,93,56,0.38,5,13,22
1,15,2014,40,45,34,37,85,93,66,0.00,4,4,-
1,16,2014,38,41,35,30,73,93,61,T,5,5,-
1,17,2014,39,45,32,23,60,75,45,0.00,-,-,-
1,18,2014,34,39,28,26,70,100,56,0.10,-,-,-
1,19,2014,31,36,25,16,60,75,44,0.00,-,-,-
1,20,2014,40,45,34,22,52,64,40,0.00,-,-,-
1,21,2014,23,33,12,10,68,100,35,0.00,-,-,-
1,22,2014,13,18,7,-2,55,67,42,0.02,-,-,-
1,23,2014,14,19,9,-1,53,63,43,0.00,-,-,-
1,24,2014,15,19,10,-4,42,55,28,0.00,-,-,-
1,25,2014,24,28,19,10,62,81,42,0.04,8,17,30
1,26,2014,26,34,17,5,55,74,36,T,9,16,26
1,27,2014,33,44,21,14,44,63,24,0.00,8,17,30
1,28,2014,17,21,12,-8,36,44,28,0.00,6,15,24
1,29,2014,19,23,14,-1,54,80,28,0.04,6,15,23
1,30,2014,23,30,16,2,42,51,33,0.00,4,9,16
1,31,2014,32,39,25,11,43,55,30,0.00,5,14,21
2,1,2014,41,45,36,21,55,76,33,0.00,4,13,19
2,2,2014,48,56,39,34,64,85,43,T,3,10,15
2,3,2014,38,43,32,28,81,92,70,1.17,7,10,16
2,4,2014,29,35,22,21,71,81,61,0.00,2,7,-
2,5,2014,32,34,29,28,78,92,63,1.43,7,15,28
2,6,2014,27,32,21,16,66,81,50,0.00,4,13,19
2,7,2014,28,32,24,13,53,63,43,0.00,7,15,24
2,8,2014,25,29,21,4,41,50,31,0.00,5,12,17
2,9,2014,26,31,21,15,63,84,42,0.10,4,12,19
2,10,2014,25,29,21,9,57,75,38,0.00,7,15,26
2,11,2014,21,26,16,3,48,59,36,0.00,5,14,20
2,12,2014,19,25,13,6,52,65,39,0.00,6,14,19
2,13,2014,30,36,24,28,82,96,68,1.78,13,25,39
2,14,2014,36,40,31,26,70,92,48,0.30,10,22,38
2,15,2014,32,37,27,25,72,92,52,0.13,9,18,29
2,16,2014,26,30,21,9,50,60,39,0.00,9,18,31
2,17,2014,25,32,18,2,41,56,25,0.00,5,16,24
2,18,2014,33,39,26,23,67,92,42,0.16,5,16,30
2,19,2014,40,45,34,32,70,92,47,0.26,5,16,26
2,20,2014,44,51,37,29,63,92,33,0.03,5,14,20
2,21,2014,43,49,36,36,82,96,67,0.09,7,21,32
2,22,2014,47,54,40,24,47,70,24,0.00,7,17,29
2,23,2014,49,54,43,27,45,58,32,T,5,18,30
2,24,2014,36,44,27,13,43,57,29,0.00,9,17,28
2,25,2014,29,33,24,9,46,55,36,0.00,7,18,27
2,26,2014,26,31,20,10,55,81,28,0.03,5,17,29
2,27,2014,24,34,14,1,39,50,28,0.00,8,21,39
2,28,2014,17,24,9,-7,34,42,26,0.00,5,15,25
3,1,2014,29,37,20,10,42,52,32,0.00,4,12,16
3,2,2014,36,40,32,18,46,52,40,T,4,13,20
3,3,2014,25,32,17,5,57,74,39,0.04,7,16,24
3,4,2014,21,29,13,1,44,58,29,0.00,5,13,19
3,5,2014,33,39,26,7,37,46,27,0.00,5,17,25
3,6,2014,24,31,16,4,43,54,31,0.00,9,17,23
3,7,2014,32,37,26,21,61,75,46,0.00,8,16,22
3,8,2014,46,57,35,27,53,75,30,0.00,6,17,27
3,9,2014,40,44,36,15,39,54,24,0.00,6,15,22
3,10,2014,44,51,36,23,48,62,33,T,5,15,27
3,11,2014,56,66,45,31,39,50,28,0.00,5,13,22
3,12,2014,44,56,32,42,68,89,47,0.35,5,20,35
3,13,2014,26,32,19,3,42,64,27,0.00,14,20,36
3,14,2014,34,46,22,10,38,51,25,0.00,6,14,23
3,15,2014,50,58,42,24,35,45,24,0.00,9,21,33
3,16,2014,36,42,30,8,34,43,25,0.00,8,16,28
3,17,2014,29,35,23,3,34,43,25,0.00,8,15,23
3,18,2014,36,43,28,9,42,64,19,0.00,7,20,25
3,19,2014,39,46,32,34,79,96,62,0.92,7,15,21
3,20,2014,47,54,40,34,63,93,32,0.00,8,20,32
3,21,2014,45,51,39,18,34,44,24,0.00,8,16,29
3,22,2014,52,63,41,27,42,61,23,0.00,7,18,32
3,23,2014,35,42,27,14,38,50,25,0.00,7,15,22
3,24,2014,28,35,21,2,35,45,24,0.00,7,15,27
3,25,2014,33,39,26,10,39,51,26,T,6,16,21
3,26,2014,30,36,24,7,38,51,24,0.00,12,23,38
3,27,2014,33,44,22,9,35,50,19,0.00,7,14,26
3,28,2014,50,62,37,40,61,74,48,0.04,5,13,22
3,29,2014,51,59,43,42,79,96,61,1.81,11,23,35
3,30,2014,44,49,39,41,88,100,76,0.35,10,21,30
3,31,2014,46,56,36,31,65,92,38,0.16,8,13,22
4,1,2014,50,60,39,27,46,58,33,0.00,5,17,24
4,2,2014,48,54,42,37,67,76,58,0.00,2,9,14
4,3,2014,57,67,46,29,49,82,15,0.07,4,10,15
4,4,2014,44,47,40,36,79,92,65,0.21,8,15,23
4,5,2014,47,54,40,31,61,89,32,0.00,8,20,36
4,6,2014,49,61,36,21,37,56,17,0.00,4,13,18
4,7,2014,48,53,43,37,62,92,32,0.52,6,16,23
4,8,2014,55,64,46,44,65,93,36,0.34,7,17,30
4,9,2014,53,61,45,26,44,65,23,0.00,7,17,31
4,10,2014,50,58,42,22,36,47,24,0.00,7,16,28
4,11,2014,66,75,56,40,49,67,31,0.00,6,13,22
4,12,2014,62,73,50,38,51,83,19,0.00,4,14,21
4,13,2014,66,77,54,46,55,77,33,0.00,6,15,23
4,14,2014,67,75,59,53,62,78,46,0.00,7,17,29
4,15,2014,48,63,33,48,86,93,79,0.71,9,17,30
4,16,2014,40,49,31,20,48,70,26,0.05,8,16,31
4,17,2014,42,48,36,24,51,65,37,0.00,8,17,22
4,18,2014,42,49,35,28,58,70,46,0.00,5,14,20
4,19,2014,55,68,41,27,44,70,17,0.00,6,16,21
4,20,2014,53,60,45,26,42,60,24,0.00,6,16,25
4,21,2014,54,67,41,30,41,63,19,0.00,4,13,18
4,22,2014,61,71,51,46,58,77,38,0.01,6,13,21
4,23,2014,53,61,44,36,50,63,36,0.00,9,21,36
4,24,2014,52,62,42,16,33,53,12,0.00,9,18,31
4,25,2014,54,63,44,23,41,61,20,0.02,5,16,23
4,26,2014,57,67,46,44,65,93,37,0.92,5,14,21
4,27,2014,53,59,47,33,49,60,38,0.00,6,16,22
4,28,2014,56,67,45,33,44,65,22,0.00,4,14,20
4,29,2014,48,52,43,37,68,82,54,0.03,9,16,26
4,30,2014,47,52,41,43,85,93,76,4.97,8,18,26
5,1,2014,65,78,51,54,64,97,31,0.12,5,13,20
5,2,2014,63,70,56,39,52,77,27,T,4,16,26
5,3,2014,63,71,54,40,54,77,30,0.08,3,12,19
5,4,2014,60,65,54,36,50,77,22,0.02,8,21,34
5,5,2014,60,70,50,29,37,56,18,0.00,7,16,28
5,6,2014,62,71,52,28,34,47,20,0.00,4,13,22
5,7,2014,60,69,50,31,35,47,22,0.00,4,13,20
5,8,2014,56,59,53,51,72,93,51,0.41,5,8,-
5,9,2014,59,63,55,56,89,93,84,0.04,3,13,17
5,10,2014,70,83,57,60,74,97,51,0.37,5,17,31
5,11,2014,71,82,60,43,53,87,19,0.03,3,13,19
5,12,2014,75,85,64,52,48,58,37,0.00,2,10,18
5,13,2014,63,73,53,47,56,76,35,0.00,7,20,28
5,14,2014,62,71,52,50,71,87,55,0.01,5,10,16
5,15,2014,65,71,58,60,88,97,78,0.15,5,13,22
5,16,2014,63,68,58,63,90,93,87,1.54,6,16,31
5,17,2014,62,70,53,44,60,87,32,0.00,5,13,20
5,18,2014,59,67,51,35,47,63,30,0.00,6,12,19
5,19,2014,61,72,49,33,37,50,23,0.00,5,14,28
5,20,2014,66,78,53,37,39,59,18,0.00,3,13,22
5,21,2014,69,74,63,48,51,63,39,0.00,3,10,15
5,22,2014,63,67,59,57,83,97,68,0.24,3,10,15
5,23,2014,64,71,56,56,78,93,63,0.91,4,13,19
5,24,2014,64,70,57,55,73,93,53,0.40,4,12,14
5,25,2014,68,80,55,51,59,93,25,0.00,2,10,16
5,26,2014,76,86,66,48,37,49,25,0.00,5,14,21
5,27,2014,75,86,64,57,51,64,37,T,4,16,29
5,28,2014,59,64,54,50,77,87,66,0.00,8,16,22
5,29,2014,59,66,51,42,61,71,51,0.00,4,13,20
5,30,2014,65,75,55,47,54,67,41,T,2,16,21
5,31,2014,65,73,57,48,55,72,38,0.05,6,20,28
6,1,2014,66,77,55,39,44,66,21,0.00,4,10,18
6,2,2014,70,80,59,48,45,55,35,0.00,4,10,19
6,3,2014,76,87,65,62,69,93,45,0.12,4,13,22
6,4,2014,73,82,63,61,72,93,51,0.00,4,10,16
6,5,2014,69,76,61,60,67,93,41,0.87,6,13,20
6,6,2014,69,76,61,48,51,64,38,0.00,5,10,20
6,7,2014,71,82,60,52,54,72,35,0.00,3,9,15
6,8,2014,76,86,66,54,53,73,32,0.00,3,13,19
6,9,2014,68,73,63,62,72,100,44,1.60,4,9,15
6,10,2014,71,77,65,65,84,93,74,0.00,3,8,11
6,11,2014,66,70,61,59,78,90,66,0.02,7,16,23
6,12,2014,67,73,60,62,88,97,78,0.07,6,10,15
6,13,2014,72,79,65,65,86,100,71,1.28,4,9,17
6,14,2014,67,74,60,60,69,93,44,0.00,5,14,26
6,15,2014,70,80,59,51,56,72,39,0.00,4,12,18
6,16,2014,72,81,63,56,59,78,39,0.00,3,12,18
6,17,2014,80,89,71,63,57,68,46,0.00,4,9,16
6,18,2014,83,89,76,62,51,67,35,0.00,6,14,24
6,19,2014,73,77,68,63,77,93,60,0.15,4,10,17
6,20,2014,72,79,64,47,55,84,26,0.00,4,12,19
6,21,2014,70,78,62,48,46,60,32,0.00,5,13,18
6,22,2014,72,79,64,53,58,78,38,0.00,2,9,15
6,23,2014,73,81,65,56,60,73,46,0.00,3,12,19
6,24,2014,75,81,68,58,58,70,45,0.00,5,12,20
6,25,2014,78,85,70,68,76,90,61,0.08,5,12,24
6,26,2014,78,85,70,67,74,93,54,0.07,5,13,17
6,27,2014,75,83,67,60,61,79,43,0.00,3,13,18
6,28,2014,77,87,66,55,48,68,27,0.00,3,12,20
6,29,2014,76,83,68,55,55,68,42,0.00,3,12,18
6,30,2014,77,84,69,62,66,84,47,0.00,3,10,20
7,1,2014,81,89,72,67,70,84,55,0.00,5,14,23
7,2,2014,82,91,72,71,73,93,52,0.96,4,15,26
7,3,2014,78,87,69,71,81,97,65,1.78,3,12,25
7,4,2014,70,74,65,64,75,97,53,0.14,5,14,25
7,5,2014,72,81,63,49,46,60,32,0.00,7,15,24
7,6,2014,75,84,66,54,46,58,34,0.00,5,17,23
7,7,2014,81,90,72,63,56,73,38,0.04,6,14,25
7,8,2014,81,91,71,67,69,93,44,0.39,5,15,33
7,9,2014,80,88,71,65,62,84,40,0.09,4,13,20
7,10,2014,78,83,72,61,60,73,47,0.00,3,10,17
7,11,2014,79,86,71,58,53,68,37,0.00,4,10,14
7,12,2014,78,85,71,60,58,73,42,0.00,3,10,20
7,13,2014,78,83,72,67,72,87,57,0.03,5,9,16
7,14,2014,78,84,72,71,85,100,69,0.46,5,12,21
7,15,2014,79,86,72,71,82,94,70,1.30,3,13,19
7,16,2014,75,81,68,65,68,93,42,T,4,10,16
7,17,2014,74,81,67,54,56,73,38,0.00,4,10,16
7,18,2014,73,81,64,53,55,73,36,0.00,4,9,-
7,19,2014,72,76,68,56,63,78,47,0.00,5,7,-
7,20,2014,72,78,66,59,65,81,49,T,4,12,15
7,21,2014,76,85,67,61,61,81,40,0.00,2,8,14
7,22,2014,79,86,71,64,60,69,51,0.00,4,12,20
7,23,2014,80,88,72,68,75,93,57,0.19,5,16,25
7,24,2014,75,80,70,61,65,84,46,0.00,5,10,16
7,25,2014,74,82,66,54,49,63,35,0.00,99,99,99
7,26,2014,75,81,69,62,65,79,51,0.00,4,9,18
7,27,2014,78,85,71,67,72,93,51,0.02,3,12,17
7,28,2014,75,82,68,65,68,90,45,0.19,7,16,28
7,29,2014,70,76,64,51,55,68,41,0.00,5,14,22
7,30,2014,72,80,63,52,52,73,30,0.00,3,10,14
7,31,2014,75,82,68,58,59,69,48,0.00,3,12,20
8,1,2014,78,84,71,65,69,79,58,0.00,4,12,20
8,2,2014,69,74,63,62,77,93,61,0.41,6,17,24
8,3,2014,71,76,66,63,77,93,60,0.07,2,9,12
8,4,2014,77,84,70,65,68,84,51,0.00,3,9,15
8,5,2014,81,90,71,62,54,73,34,0.00,2,12,16
8,6,2014,77,83,70,59,55,73,37,0.00,3,15,23
8,7,2014,75,83,66,51,47,63,30,0.00,4,13,22
8,8,2014,74,83,65,52,50,67,33,0.00,3,9,14
8,9,2014,77,87,66,53,48,68,27,0.00,3,9,15
8,10,2014,78,88,68,56,55,78,31,0.00,3,8,14
8,11,2014,79,87,71,58,54,73,34,0.00,3,9,19
8,12,2014,75,79,70,66,77,90,64,0.19,6,15,26
8,13,2014,75,82,68,66,74,93,54,0.53,6,16,30
8,14,2014,70,77,63,51,52,68,36,0.00,5,13,20
8,15,2014,67,73,61,48,53,64,41,0.00,5,13,20
8,16,2014,71,78,63,51,50,63,36,0.00,4,10,23
8,17,2014,74,82,66,55,58,76,39,0.01,4,12,20
8,18,2014,72,81,63,52,54,72,36,0.00,5,9,17
8,19,2014,73,83,63,58,64,79,48,0.00,4,9,14
8,20,2014,77,84,70,60,60,79,40,0.00,2,10,14
8,21,2014,74,83,65,62,70,90,50,0.35,4,12,19
8,22,2014,72,79,65,62,75,93,56,0.06,5,10,14
8,23,2014,72,77,67,59,65,81,49,0.01,5,13,18
8,24,2014,72,80,64,58,62,78,45,0.00,3,10,16
8,25,2014,76,88,64,58,59,84,34,0.00,3,10,14
8,26,2014,80,89,70,62,60,84,36,0.00,2,7,14
8,27,2014,80,90,70,62,58,78,38,0.00,3,10,19
8,28,2014,74,82,66,54,54,74,33,0.00,5,13,21
8,29,2014,71,80,61,50,54,72,35,0.00,3,12,18
8,30,2014,73,80,65,59,59,73,45,0.00,2,8,17
8,31,2014,82,90,73,69,73,94,52,0.62,3,15,29
9,1,2014,82,88,75,70,71,87,55,0.00,3,10,15
9,2,2014,85,92,77,69,62,82,41,0.00,5,15,35
9,3,2014,79,86,72,58,50,68,32,0.00,3,13,21
9,4,2014,78,87,69,58,51,66,35,0.00,3,10,19
9,5,2014,80,87,72,69,76,90,61,0.00,3,10,17
9,6,2014,79,91,67,69,67,82,52,0.11,5,13,22
9,7,2014,73,81,65,56,59,81,36,0.00,5,12,17
9,8,2014,70,75,65,53,56,70,41,0.00,8,14,21
9,9,2014,68,73,63,57,66,73,58,0.00,8,15,23
9,10,2014,72,80,63,57,62,78,46,0.00,6,14,18
9,11,2014,76,83,69,63,68,78,57,0.00,5,12,21
9,12,2014,70,78,62,50,53,65,41,0.00,5,12,18
9,13,2014,64,69,58,56,75,93,56,0.26,5,12,18
9,14,2014,62,71,53,46,57,77,37,0.00,3,10,17
9,15,2014,63,71,55,44,53,72,33,0.00,3,9,14
9,16,2014,64,70,58,55,73,93,52,0.37,2,9,16
9,17,2014,64,73,55,45,55,77,33,0.00,3,9,12
9,18,2014,67,76,57,47,56,80,31,0.00,3,13,20
9,19,2014,60,66,54,45,58,72,44,0.00,8,16,23
9,20,2014,66,75,57,56,67,80,53,0.00,3,12,21
9,21,2014,71,75,67,66,83,93,73,0.15,2,9,16
9,22,2014,63,71,55,49,55,73,37,T,7,15,23
9,23,2014,62,71,52,42,50,67,33,0.00,2,8,16
9,24,2014,65,71,58,53,65,80,49,0.00,6,14,19
9,25,2014,61,64,57,54,75,90,60,0.32,8,16,23
9,26,2014,68,77,58,51,59,80,38,0.00,4,13,20
9,27,2014,72,83,60,54,59,84,34,0.00,3,9,14
9,28,2014,74,84,64,58,59,78,40,0.00,2,9,15
9,29,2014,73,79,67,58,59,73,45,0.00,1,9,14
9,30,2014,67,71,62,58,70,78,61,T,5,13,17
10,1,2014,63,65,61,57,82,90,73,0.02,6,14,18
10,2,2014,66,70,61,54,72,84,59,0.00,5,13,16
10,3,2014,64,71,56,51,61,80,42,0.00,4,10,20
10,4,2014,61,69,52,58,70,93,46,1.18,7,16,27
10,5,2014,54,61,46,34,48,58,38,0.00,6,15,23
10,6,2014,60,69,50,45,54,71,37,0.00,4,15,24
10,7,2014,67,71,63,54,64,81,47,0.06,5,10,21
10,8,2014,68,73,62,52,62,87,37,0.04,7,15,26
10,9,2014,62,68,55,37,44,55,32,0.00,6,18,32
10,10,2014,58,64,52,38,46,54,37,T,2,7,11
10,11,2014,55,60,50,48,71,89,53,0.33,5,10,17
10,12,2014,56,63,48,40,60,86,34,0.00,3,13,19
10,13,2014,59,65,52,53,77,93,60,0.05,3,8,16
10,14,2014,70,76,63,62,77,93,60,0.00,5,13,23
10,15,2014,73,77,69,66,80,90,69,0.69,5,14,25
10,16,2014,66,71,61,62,75,93,57,1.11,4,13,19
10,17,2014,65,71,59,51,61,78,44,0.00,5,14,23
10,18,2014,63,70,56,48,61,78,44,0.00,6,15,23
10,19,2014,50,56,44,32,48,61,35,0.00,8,17,28
10,20,2014,51,60,42,33,51,62,40,0.00,4,12,19
10,21,2014,61,67,55,50,71,93,48,0.11,4,12,18
10,22,2014,54,58,50,50,85,93,77,1.51,9,18,30
10,23,2014,52,53,50,46,78,89,66,0.61,8,12,25
10,24,2014,57,63,51,43,60,72,47,0.00,4,12,19
10,25,2014,59,67,50,39,48,55,40,0.01,6,13,26
10,26,2014,58,63,53,37,52,67,36,T,8,18,32
10,27,2014,56,63,48,36,49,61,36,0.00,5,13,21
10,28,2014,63,72,53,47,58,72,43,0.00,3,12,20
10,29,2014,62,72,51,51,61,83,39,T,5,14,24
10,30,2014,53,59,47,38,63,86,40,0.00,4,10,41
10,31,2014,50,55,45,37,65,80,50,0.05,6,15,23
11,1,2014,45,47,42,38,74,83,65,0.35,9,21,31
11,2,2014,45,48,41,25,54,76,31,0.00,11,21,36
11,3,2014,50,61,39,23,38,59,17,0.00,6,16,26
11,4,2014,61,68,53,27,30,39,21,0.00,5,13,22
11,5,2014,60,64,56,36,40,55,25,0.00,4,14,21
11,6,2014,53,57,48,46,67,93,40,0.37,3,9,15
11,7,2014,47,53,40,34,67,86,48,0.00,7,17,31
11,8,2014,42,48,36,26,51,64,38,0.00,6,16,22
11,9,2014,52,57,46,32,51,65,36,0.00,3,14,22
11,10,2014,53,61,44,35,48,66,29,0.00,3,9,13
11,11,2014,57,64,49,52,75,87,63,0.00,3,10,19
11,12,2014,56,65,47,52,68,93,43,0.00,3,10,22
11,13,2014,42,48,36,30,62,85,39,0.20,4,9,15
11,14,2014,39,42,35,24,62,92,32,0.06,7,14,24
11,15,2014,38,42,33,17,44,56,32,0.00,4,12,20
11,16,2014,40,45,35,23,49,57,40,0.03,4,10,18
11,17,2014,46,52,40,41,82,93,71,1.54,4,14,22
11,18,2014,35,45,24,9,46,65,26,0.00,10,22,33
11,19,2014,29,36,22,7,38,47,29,0.00,7,16,25
11,20,2014,38,45,31,16,37,47,27,0.00,7,17,28
11,21,2014,33,37,28,8,36,42,29,0.00,8,17,26
11,22,2014,36,44,28,13,38,46,30,0.00,5,15,26
11,23,2014,50,57,43,27,52,77,27,0.00,4,14,23
11,24,2014,61,69,53,55,78,93,63,0.70,5,17,32
11,25,2014,60,68,51,35,49,68,30,0.00,5,14,23
11,26,2014,43,51,34,32,65,92,38,1.24,9,18,34
11,27,2014,36,38,34,30,77,89,64,0.02,5,12,20
11,28,2014,33,37,29,17,55,69,40,0.00,6,17,25
11,29,2014,36,45,27,16,48,58,38,0.00,4,10,16
11,30,2014,50,55,45,33,53,62,44,0.00,4,13,23
12,1,2014,54,65,42,40,62,76,48,0.09,7,14,23
12,2,2014,39,43,35,30,67,89,44,0.08,9,17,26
12,3,2014,44,46,41,38,73,92,53,0.06,8,16,26
12,4,2014,41,45,37,21,48,59,36,0.00,6,13,19
12,5,2014,39,44,34,33,69,89,48,0.51,6,17,21
12,6,2014,45,50,39,42,88,96,80,1.22,4,17,30
12,7,2014,36,42,30,18,62,92,32,0.04,12,25,40
12,8,2014,31,37,24,17,51,75,27,0.00,12,20,29
12,9,2014,39,42,36,36,81,92,70,2.54,10,22,32
12,10,2014,36,40,32,31,74,89,59,0.08,8,16,24
12,11,2014,35,38,31,23,62,75,48,0.01,8,17,25
12,12,2014,35,38,32,21,57,61,52,0.00,8,15,25
12,13,2014,39,44,34,25,54,64,43,0.00,9,16,28
12,14,2014,42,46,38,29,60,70,49,0.00,6,13,20
12,15,2014,43,48,37,29,58,70,46,0.00,3,8,12
12,16,2014,44,49,38,39,76,86,65,0.20,4,12,14
12,17,2014,48,54,42,39,73,92,53,0.02,6,16,26
12,18,2014,40,42,37,23,52,59,45,0.00,9,16,28
12,19,2014,35,38,31,21,56,63,48,0.00,7,14,24
12,20,2014,32,33,30,19,57,63,51,0.00,5,12,15
12,21,2014,34,36,31,25,73,82,63,T,5,9,13
12,22,2014,40,44,35,35,82,89,75,0.04,6,12,16
12,23,2014,45,46,43,42,91,96,86,0.16,8,17,26
12,24,2014,51,58,44,47,96,100,92,0.80,6,12,17
12,25,2014,53,62,44,40,69,100,38,0.09,10,20,32
12,26,2014,45,50,40,28,53,64,42,0.00,6,13,18
12,27,2014,50,55,44,31,47,53,41,0.00,4,14,25
12,28,2014,49,54,43,37,73,92,53,0.10,6,15,22
12,29,2014,39,44,34,19,42,53,31,0.00,5,15,25
12,30,2014,31,34,28,13,47,58,36,0.00,4,10,17
12,31,2014,30,32,27,8,43,55,30,0.00,6,14,21
1,1,2015,33,39,27,10,37,46,27,0.00,7,17,31
1,2,2015,39,42,35,17,43,52,33,0.00,7,15,25
1,3,2015,38,42,33,29,68,92,44,0.71,6,12,18
1,4,2015,49,56,41,43,88,93,83,0.30,6,29,46
1,5,2015,35,49,21,10,38,49,26,0.00,11,24,38
1,6,2015,21,22,19,9,57,77,36,0.05,4,14,24
1,7,2015,16,23,9,1,49,73,25,0.00,13,22,39
1,8,2015,15,21,8,-4,48,55,41,0.00,9,18,31
1,9,2015,26,33,19,11,57,81,33,0.07,9,21,30
1,10,2015,20,23,16,-1,41,47,34,0.00,8,18,25
1,11,2015,28,37,18,6,38,47,29,0.00,6,14,24
1,12,2015,37,39,35,31,64,92,35,0.36,4,12,20
1,13,2015,27,36,17,13,61,82,39,0.00,9,18,25
1,14,2015,24,32,16,12,56,63,49,0.00,6,14,17
1,15,2015,30,35,25,16,55,69,41,0.00,5,15,20
1,16,2015,32,43,20,12,45,58,31,0.00,10,21,32
1,17,2015,25,32,17,5,41,53,29,0.00,6,14,23
1,18,2015,37,42,31,34,77,92,61,2.10,4,10,20
1,19,2015,39,42,36,25,62,82,41,0.00,8,16,33
1,20,2015,36,40,32,18,47,59,35,0.00,6,13,20
1,21,2015,31,36,25,9,38,50,26,0.00,4,10,15
1,22,2015,36,40,31,19,56,69,43,0.00,6,14,21
1,23,2015,34,39,28,17,50,59,40,0.00,6,14,19
1,24,2015,36,39,33,30,71,89,52,0.72,6,14,24
1,25,2015,37,42,31,17,48,69,27,0.00,6,17,30
1,26,2015,27,31,22,16,61,88,34,0.48,13,23,34
1,27,2015,25,30,20,15,66,84,47,0.36,8,17,30
1,28,2015,25,34,16,2,45,61,28,0.00,8,16,24
1,29,2015,28,36,19,13,52,69,35,0.02,4,14,20
1,30,2015,29,38,19,22,63,85,40,0.06,11,22,36
1,31,2015,20,26,13,-1,41,53,29,0.00,12,24,44
2,1,2015,28,36,20,19,66,85,47,0.03,4,12,17
2,2,2015,24,34,14,24,80,92,67,1.02,10,22,32
2,3,2015,20,26,13,8,60,70,50,0.00,7,17,27
2,4,2015,34,43,24,21,56,63,49,0.00,4,13,19
2,5,2015,28,42,14,10,50,69,31,0.00,8,20,30
2,6,2015,20,27,12,0,43,53,33,0.00,7,17,26
2,7,2015,33,40,25,17,61,75,46,0.02,4,12,18
2,8,2015,33,37,29,28,74,89,59,0.00,9,18,26
2,9,2015,27,29,25,19,75,81,68,0.09,11,20,29
2,10,2015,33,40,26,19,59,69,48,0.01,10,18,27
2,11,2015,28,34,22,11,50,65,35,0.00,7,18,26
2,12,2015,28,40,16,19,55,69,41,T,7,22,39
2,13,2015,15,21,8,-7,41,50,31,0.00,9,22,37
2,14,2015,24,32,16,15,54,75,33,0.02,5,14,23
2,15,2015,15,25,4,0,58,81,34,T,15,23,42
2,16,2015,12,21,3,-11,38,51,25,0.00,7,21,36
2,17,2015,21,27,14,9,57,80,34,0.14,5,12,16
2,18,2015,26,33,19,14,55,67,43,T,4,15,21
2,19,2015,18,27,8,-3,40,55,25,0.00,11,20,31
2,20,2015,11,19,2,-10,39,44,33,0.00,10,22,36
2,21,2015,23,32,13,15,59,85,33,0.61,4,14,23
2,22,2015,38,43,32,28,71,89,53,0.10,3,12,17
2,23,2015,23,38,8,1,45,64,25,0.00,11,17,29
2,24,2015,14,24,4,-3,47,60,34,0.00,6,14,23
2,25,2015,29,37,20,10,49,65,32,0.00,6,15,24
2,26,2015,27,32,21,9,46,63,29,0.00,7,15,20
2,27,2015,24,30,18,3,41,54,28,0.00,6,13,20
2,28,2015,21,29,13,-2,40,51,29,0.00,4,12,18
3,1,2015,28,31,24,16,56,84,28,0.52,2,15,20
3,2,2015,33,39,27,18,55,78,32,0.00,8,18,34
3,3,2015,30,37,22,20,62,85,39,0.67,5,14,24
3,4,2015,40,45,35,35,81,92,70,0.25,6,15,25
3,5,2015,30,40,19,23,75,100,49,0.76,6,14,20
3,6,2015,20,27,12,3,48,61,34,0.00,6,14,20
3,7,2015,28,38,18,11,47,56,38,0.00,5,16,24
3,8,2015,43,49,37,22,44,57,31,0.00,5,20,30
3,9,2015,47,54,40,24,41,53,28,0.01,5,16,25
3,10,2015,46,53,39,36,67,92,42,0.46,4,12,17
3,11,2015,52,59,44,39,61,93,29,0.01,7,14,22
3,12,2015,42,47,36,7,27,43,11,0.00,8,20,33
3,13,2015,37,43,31,9,38,59,17,0.00,7,13,19
3,14,2015,46,51,40,41,73,93,53,0.81,6,15,22
3,15,2015,40,44,36,29,67,89,45,0.00,11,23,41
3,16,2015,44,52,35,25,49,59,38,0.00,4,13,20
3,17,2015,46,57,34,27,49,71,27,0.02,10,24,43
3,18,2015,34,39,29,9,35,43,27,0.00,10,20,35
3,19,2015,36,43,29,4,32,46,17,0.00,6,14,22
3,20,2015,34,38,29,19,58,92,23,0.40,8,17,22
3,21,2015,38,47,29,28,75,92,58,T,5,16,27
3,22,2015,36,43,28,12,41,57,25,0.00,8,18,30
3,23,2015,31,38,23,4,35,50,19,0.00,7,16,27
3,24,2015,36,45,26,8,33,42,24,0.00,4,13,17
3,25,2015,42,49,34,26,57,89,25,0.05,4,13,22
3,26,2015,52,62,42,46,88,93,82,0.32,3,14,23
3,27,2015,43,46,39,34,69,89,49,0.27,4,12,18
3,28,2015,33,40,26,20,56,68,44,T,8,15,23
3,29,2015,36,46,25,6,40,63,16,0.00,6,14,22
3,30,2015,45,54,36,23,50,70,30,T,8,24,44
3,31,2015,41,47,35,30,65,92,37,0.17,5,13,20
4,1,2015,42,51,32,18,52,82,22,0.00,5,15,23
4,2,2015,54,67,41,24,32,41,22,0.00,6,20,31
4,3,2015,62,64,59,50,62,84,39,0.04,7,16,25
4,4,2015,51,60,42,34,56,87,24,0.01,10,24,41
4,5,2015,52,61,42,24,43,60,25,0.00,5,18,30
4,6,2015,53,63,42,36,56,76,36,0.00,4,12,18
4,7,2015,52,62,42,41,66,89,43,0.15,7,17,25
4,8,2015,41,45,37,32,66,86,45,0.00,11,22,32
4,9,2015,40,43,37,35,81,92,70,0.00,9,18,25
4,10,2015,48,56,39,42,90,96,83,0.17,5,14,22
4,11,2015,51,57,44,31,48,66,30,0.00,9,17,28
4,12,2015,55,66,43,28,39,59,19,0.00,3,13,21
4,13,2015,59,68,50,37,43,55,30,0.00,5,15,24
4,14,2015,60,65,55,41,50,75,24,0.01,4,13,22
4,15,2015,62,72,51,21,27,41,12,0.00,6,21,35
4,16,2015,58,64,52,25,39,61,17,0.00,7,16,21
4,17,2015,63,71,55,51,68,83,53,0.08,5,15,25
4,18,2015,70,80,59,39,38,56,20,0.00,4,15,25
4,19,2015,56,64,48,29,41,61,21,0.00,9,15,22
4,20,2015,52,57,46,50,83,100,66,1.37,7,16,27
4,21,2015,59,65,52,44,63,100,25,0.20,6,16,24
4,22,2015,59,69,48,36,49,67,31,0.05,6,20,33
4,23,2015,47,52,41,24,47,62,32,0.00,9,21,33
4,24,2015,46,52,39,18,35,44,26,0.00,9,17,33
4,25,2015,50,62,38,23,36,52,20,0.00,6,14,22
4,26,2015,55,64,46,27,36,46,25,0.00,5,13,21
4,27,2015,56,62,49,30,40,50,29,0.00,6,16,28
4,28,2015,61,71,50,35,43,61,24,0.00,8,17,26
4,29,2015,64,78,50,38,44,68,20,0.00,6,17,23
4,30,2015,58,67,48,38,53,71,34,0.00,8,15,21
5,1,2015,56,63,49,39,59,71,46,0.00,5,14,18
5,2,2015,61,74,48,40,56,80,31,0.00,3,15,22
5,3,2015,66,80,51,38,41,59,22,0.00,3,10,18
5,4,2015,71,85,57,44,47,72,22,0.00,5,15,23
5,5,2015,76,85,66,50,44,53,34,0.00,4,13,21
5,6,2015,66,73,59,41,41,53,28,T,5,14,23
5,7,2015,68,80,56,45,54,80,27,0.00,2,10,17
5,8,2015,69,82,56,52,62,86,38,0.00,3,13,21
5,9,2015,64,70,57,55,77,90,63,0.00,4,9,13
5,10,2015,72,83,61,61,71,90,51,0.00,4,13,23
5,11,2015,77,84,70,65,70,84,55,T,4,13,25
5,12,2015,75,86,64,59,58,87,28,0.00,5,15,28
5,13,2015,62,70,53,38,43,51,35,0.00,7,15,26
5,14,2015,62,73,50,33,37,56,17,0.00,4,13,20
5,15,2015,65,75,55,40,45,59,31,0.00,3,13,22
5,16,2015,66,75,57,58,67,87,46,0.30,2,10,16
5,17,2015,74,83,64,64,72,93,51,0.02,2,7,11
5,18,2015,68,75,60,57,77,90,63,0.00,5,14,18
5,19,2015,70,80,59,58,72,87,57,T,2,14,26
5,20,2015,61,67,54,38,47,57,36,0.00,7,14,27
5,21,2015,57,62,52,38,54,72,36,0.00,3,12,16
5,22,2015,65,74,55,40,51,72,29,0.00,6,18,29
5,23,2015,60,70,49,29,38,55,20,0.00,4,15,25
5,24,2015,69,81,56,43,38,55,21,0.00,4,10,18
5,25,2015,75,85,64,55,52,67,37,0.00,5,13,21
5,26,2015,78,88,67,58,54,68,40,0.00,5,12,20
5,27,2015,78,85,70,64,70,84,55,0.08,5,15,23
5,28,2015,78,85,70,64,62,90,34,0.00,4,12,20
5,29,2015,75,85,65,55,57,76,37,0.00,4,12,17
5,30,2015,76,85,67,63,68,84,51,0.00,6,14,25
5,31,2015,72,87,57,65,74,97,51,1.46,6,20,28
6,1,2015,55,58,51,53,90,93,86,0.72,10,16,29
6,2,2015,53,55,50,49,88,93,83,0.37,6,14,19
6,3,2015,61,70,52,49,67,93,40,0.00,5,10,16
6,4,2015,60,65,54,48,69,77,60,0.00,5,12,16
6,5,2015,63,70,55,54,80,93,66,0.13,3,9,14
6,6,2015,68,76,60,54,60,97,22,0.19,5,9,22
6,7,2015,65,74,55,42,44,55,32,0.00,4,12,23
6,8,2015,71,79,63,58,63,72,54,0.06,6,15,27
6,9,2015,76,83,68,63,65,90,39,0.01,5,15,25
6,10,2015,74,82,65,56,53,68,37,0.00,3,13,19
6,11,2015,81,89,72,64,58,68,47,0.00,5,14,19
6,12,2015,81,88,73,64,54,65,43,0.00,5,13,23
6,13,2015,79,86,72,59,48,65,30,0.00,5,14,22
6,14,2015,77,88,66,59,64,93,34,0.36,3,10,18
6,15,2015,74,83,64,66,83,97,69,0.57,5,17,25
6,16,2015,72,79,65,66,74,87,60,0.27,2,8,13
6,17,2015,74,82,66,58,60,78,42,T,4,12,17
6,18,2015,68,71,64,58,74,81,66,0.00,4,8,15
6,19,2015,78,87,68,62,66,84,47,0.00,4,10,16
6,20,2015,70,75,64,59,70,90,49,T,5,15,22
6,21,2015,80,88,71,69,72,93,50,0.64,5,16,28
6,22,2015,79,87,70,61,62,87,37,0.00,5,13,19
6,23,2015,83,90,75,68,66,79,52,0.02,6,16,27
6,24,2015,76,84,68,54,50,63,36,0.00,5,13,19
6,25,2015,74,83,65,52,49,64,33,0.00,3,13,22
6,26,2015,75,81,69,58,58,73,42,0.00,5,16,21
6,27,2015,65,71,58,56,72,97,47,1.12,7,16,24
6,28,2015,68,73,62,61,77,93,61,0.29,5,18,25
6,29,2015,70,76,63,55,59,72,46,0.00,5,12,20
6,30,2015,75,82,68,61,56,70,42,0.00,4,14,25
7,1,2015,76,82,69,65,68,90,45,0.39,4,14,31
7,2,2015,75,80,69,58,58,68,48,0.00,1,8,12
7,3,2015,74,82,66,54,52,68,35,0.00,3,9,13
7,4,2015,72,75,69,57,60,73,46,T,3,9,14
7,5,2015,76,83,68,61,60,73,46,0.00,2,7,12
7,6,2015,78,83,72,65,68,84,51,0.00,3,12,18
7,7,2015,82,88,75,71,76,91,61,0.12,5,10,23
7,8,2015,83,88,77,70,72,82,61,T,3,13,22
7,9,2015,74,79,68,65,72,90,54,0.30,5,12,18
7,10,2015,78,84,72,62,65,93,37,0.00,5,12,21
7,11,2015,79,88,69,56,45,61,28,0.00,2,10,15
7,12,2015,81,89,72,60,50,64,36,0.00,2,7,12
7,13,2015,81,88,73,61,53,64,42,0.00,3,10,18
7,14,2015,78,82,73,69,74,87,60,0.42,3,8,16
7,15,2015,77,81,72,69,67,87,46,0.12,4,13,22
7,16,2015,72,80,64,49,46,61,30,0.00,6,15,23
7,17,2015,74,81,67,59,62,73,50,0.00,4,12,21
7,18,2015,78,85,71,68,72,79,64,0.32,4,10,19
7,19,2015,86,93,78,70,62,74,49,0.00,3,14,22
7,20,2015,88,94,82,68,57,70,43,0.00,5,12,19
7,21,2015,82,89,74,64,54,64,43,T,3,10,19
7,22,2015,77,85,69,51,44,58,29,0.00,6,14,23
7,23,2015,77,86,68,49,42,55,28,0.00,4,13,19
7,24,2015,79,87,70,50,39,53,25,0.00,2,10,15
7,25,2015,79,88,69,56,49,69,29,0.00,3,10,19
7,26,2015,82,90,74,61,52,61,43,T,5,12,22
7,27,2015,79,86,71,67,72,90,54,0.36,3,20,22
7,28,2015,85,95,75,65,57,82,31,0.00,3,9,12
7,29,2015,87,96,78,66,51,69,33,0.00,4,10,17
7,30,2015,82,87,76,73,75,85,65,1.95,4,12,22
7,31,2015,81,89,72,59,58,87,29,0.00,3,12,18
8,1,2015,82,89,75,58,46,60,31,0.00,4,14,22
8,2,2015,80,89,71,57,48,66,29,0.00,2,12,17
8,3,2015,83,90,75,60,49,60,38,0.00,5,12,21
8,4,2015,79,89,69,61,61,90,31,0.43,5,23,36
8,5,2015,80,87,72,55,47,61,32,0.00,3,12,21
8,6,2015,75,83,67,52,47,59,34,0.00,2,9,14
8,7,2015,77,84,69,54,48,61,34,0.00,5,13,18
8,8,2015,75,82,68,55,58,73,42,0.00,4,12,15
8,9,2015,77,85,68,58,54,73,34,0.00,4,10,17
8,10,2015,77,84,70,60,57,73,40,0.00,4,13,20
8,11,2015,76,81,71,67,79,93,64,1.17,4,12,21
8,12,2015,78,85,71,58,56,74,37,0.00,5,12,19
8,13,2015,75,83,67,52,47,63,30,0.00,3,10,15
8,14,2015,78,88,67,55,49,63,34,0.00,3,9,18
8,15,2015,83,92,73,62,50,64,36,0.00,3,8,16
8,16,2015,85,93,76,64,51,64,38,0.00,2,9,17
8,17,2015,87,95,78,64,51,62,39,0.00,3,10,15
8,18,2015,82,90,73,68,67,87,46,0.29,4,14,25
8,19,2015,82,87,77,70,70,79,61,0.00,4,12,22
8,20,2015,82,86,77,70,67,79,55,0.01,6,16,25
8,21,2015,79,87,71,65,65,94,35,0.32,4,12,16
8,22,2015,78,86,69,52,45,57,32,0.00,4,10,16
8,23,2015,78,85,70,63,63,78,47,0.00,4,10,14
8,24,2015,80,87,73,64,63,84,42,0.00,3,9,18
8,25,2015,82,90,73,63,53,69,37,0.00,4,10,18
8,26,2015,76,85,67,52,46,63,29,0.00,4,12,19
8,27,2015,75,82,67,52,50,63,36,0.00,3,10,17
8,28,2015,73,82,63,52,50,67,33,0.00,2,8,14
8,29,2015,77,87,67,55,47,63,31,0.00,2,12,20
8,30,2015,81,90,72,64,61,79,43,0.13,4,12,19
8,31,2015,84,91,76,65,56,74,38,0.00,4,13,21
9,1,2015,83,90,76,64,54,69,38,0.00,2,9,13
9,2,2015,83,91,74,65,59,74,44,0.00,2,9,15
9,3,2015,84,93,74,64,51,74,28,0.00,2,10,14
9,4,2015,79,85,72,65,60,69,51,0.00,7,17,25
9,5,2015,75,83,67,57,52,78,25,0.00,4,14,17
9,6,2015,76,87,65,56,54,73,34,0.00,1,9,16
9,7,2015,81,92,70,62,58,84,32,0.00,4,10,19
9,8,2015,87,97,76,65,50,69,30,0.00,5,13,22
9,9,2015,83,90,76,70,64,76,52,T,4,13,25
9,10,2015,75,79,70,69,88,93,82,1.58,6,12,18
9,11,2015,74,81,66,62,68,87,49,0.00,5,14,19
9,12,2015,74,79,69,65,76,93,58,0.29,4,14,22
9,13,2015,71,80,62,61,68,90,45,0.04,6,15,25
9,14,2015,68,77,59,46,49,62,35,0.00,6,14,23
9,15,2015,73,84,62,49,46,60,31,0.00,2,8,13
9,16,2015,77,88,66,54,49,68,29,0.00,1,7,11
9,17,2015,79,89,68,55,48,66,29,0.00,2,12,15
9,18,2015,78,87,68,56,51,68,34,0.00,2,9,16
9,19,2015,76,83,68,63,64,84,43,0.00,3,12,20
9,20,2015,72,79,64,54,56,79,32,0.00,8,15,23
9,21,2015,66,73,59,43,44,57,31,0.00,8,17,24
9,22,2015,67,71,62,49,50,59,40,0.00,7,14,18
9,23,2015,70,80,59,49,49,73,25,0.00,3,9,13
9,24,2015,71,82,60,52,54,73,35,0.00,4,13,18
9,25,2015,70,76,63,51,55,68,41,0.00,6,13,18
9,26,2015,67,72,61,49,55,72,37,0.00,6,18,26
9,27,2015,64,71,56,52,65,73,57,0.00,5,9,14
9,28,2015,72,78,65,61,71,81,60,0.00,3,9,15
9,29,2015,78,83,72,68,73,87,58,0.11,3,10,18
9,30,2015,69,79,59,67,78,93,63,1.26,8,16,27
10,1,2015,60,64,56,49,70,80,60,0.09,9,16,24
10,2,2015,53,57,48,45,79,86,72,1.08,13,23,32
10,3,2015,52,55,49,45,76,86,66,0.35,12,21,31
10,4,2015,58,63,53,42,57,71,43,0.00,11,21,29
10,5,2015,60,67,52,45,58,68,48,0.00,6,15,20
10,6,2015,63,73,52,46,58,83,33,0.00,2,9,12
10,7,2015,66,73,58,49,58,72,44,0.00,3,8,15
10,8,2015,66,72,59,50,61,78,44,0.00,3,9,15
10,9,2015,70,78,61,60,75,93,56,0.89,4,17,27
10,10,2015,58,65,50,40,51,65,36,0.00,3,12,22
10,11,2015,61,69,53,43,53,66,40,0.00,4,10,17
10,12,2015,67,77,56,47,50,67,33,0.00,4,10,17
10,13,2015,67,72,61,55,70,84,56,0.01,4,10,16
10,14,2015,63,69,57,45,55,67,42,0.00,4,12,19
10,15,2015,58,64,51,39,53,68,37,0.00,4,10,17
10,16,2015,59,64,53,38,50,66,34,0.00,5,13,22
10,17,2015,49,56,42,28,47,66,27,0.00,6,13,24
10,18,2015,44,50,38,22,43,59,26,0.00,5,16,25
10,19,2015,44,53,35,25,47,64,30,0.00,4,14,24
10,20,2015,59,70,48,36,42,56,28,0.00,6,14,24
10,21,2015,67,76,57,44,50,67,33,0.00,2,12,18
10,22,2015,67,75,58,47,52,62,41,0.00,5,12,19
10,23,2015,55,65,45,34,47,60,33,0.00,7,14,22
10,24,2015,49,57,40,37,62,72,51,0.00,4,10,15
10,25,2015,58,68,48,48,62,80,44,0.05,5,13,22
10,26,2015,52,58,46,33,51,66,36,0.00,4,12,19
10,27,2015,52,59,45,37,59,71,46,0.00,4,10,15
10,28,2015,61,69,53,57,80,93,66,1.40,7,14,28
10,29,2015,65,73,57,53,58,87,28,0.04,7,17,30
10,30,2015,55,61,48,31,42,50,33,0.00,6,13,24
10,31,2015,49,56,42,32,52,63,41,0.00,3,10,16
11,1,2015,60,65,54,46,62,72,51,0.00,5,16,23
11,2,2015,59,63,54,43,59,72,46,0.00,2,8,14
11,3,2015,60,72,48,43,55,74,35,0.00,3,8,13
11,4,2015,63,70,56,48,64,87,40,0.00,2,9,14
11,5,2015,64,71,56,59,83,93,73,0.01,2,9,16
11,6,2015,70,74,66,62,76,87,64,0.00,5,14,26
11,7,2015,63,72,53,42,55,66,43,0.00,4,12,19
11,8,2015,51,56,46,30,48,60,35,0.00,4,15,23
11,9,2015,51,59,43,34,50,70,30,0.00,2,9,13
11,10,2015,54,57,51,50,79,96,61,0.26,10,23,34
11,11,2015,54,58,49,47,77,86,67,0.43,5,13,18
11,12,2015,56,61,51,50,82,96,67,0.01,6,17,28
11,13,2015,52,58,46,29,43,55,30,0.00,11,20,36
11,14,2015,46,49,42,23,44,53,34,0.00,8,21,32
11,15,2015,49,58,39,28,49,64,33,0.00,5,13,22
11,16,2015,59,67,51,34,40,50,29,0.00,4,14,19
11,17,2015,46,52,40,29,49,65,33,0.00,6,17,21
11,18,2015,52,58,46,42,65,72,57,0.00,5,13,21
11,19,2015,61,64,57,57,83,93,72,1.25,6,17,30
11,20,2015,55,64,46,33,57,90,24,0.00,6,15,22
11,21,2015,48,53,42,30,50,63,36,0.00,6,16,22
11,22,2015,49,55,42,36,62,89,34,0.03,6,13,21
11,23,2015,39,44,33,16,37,52,22,0.00,6,13,23
11,24,2015,39,46,32,19,45,56,33,0.00,4,12,16
11,25,2015,43,50,36,27,51,65,37,0.00,3,9,13
11,26,2015,51,60,41,42,71,86,55,0.00,3,8,14
11,27,2015,58,64,51,46,69,89,48,0.00,4,9,18
11,28,2015,53,63,43,46,77,88,63,0.02,-,-,-
11,29,2015,43,48,37,28,61,87,39,T,-,-,-
11,30,2015,40,45,34,30,66,70,62,0.00,6,13,19
12,1,2015,48,51,44,43,82,93,70,0.33,7,12,19
12,2,2015,52,57,46,49,90,93,86,0.14,3,9,17
12,3,2015,50,55,44,33,66,89,42,T,8,16,27
12,4,2015,47,51,42,29,52,62,41,0.00,4,12,18
12,5,2015,46,51,40,30,53,65,41,0.00,2,9,12
12,6,2015,46,53,39,32,60,79,41,0.00,3,12,16
12,7,2015,48,54,42,31,51,70,32,0.00,4,10,16
12,8,2015,45,49,41,30,56,62,50,0.00,5,13,18
12,9,2015,48,55,40,38,61,76,46,0.00,4,13,22
12,10,2015,56,60,51,43,62,77,47,T,4,12,18
12,11,2015,56,61,50,44,66,77,55,0.00,5,13,20
12,12,2015,61,66,55,46,58,67,48,T,2,9,16
12,13,2015,61,67,55,47,60,67,52,0.00,3,12,18
12,14,2015,60,67,53,53,78,90,66,0.33,5,13,19
12,15,2015,61,68,53,43,63,87,39,0.09,10,21,34
12,16,2015,50,53,46,37,62,80,44,0.04,5,14,22
12,17,2015,55,59,50,52,78,87,68,1.21,5,12,18
12,18,2015,48,57,38,34,61,83,39,T,7,17,26
12,19,2015,38,40,35,16,41,48,34,0.00,9,20,30
12,20,2015,39,43,34,17,41,48,33,0.00,6,17,26
12,21,2015,48,56,39,32,54,67,41,0.00,7,17,29
12,22,2015,58,62,53,52,76,86,66,0.19,5,14,20
12,23,2015,58,64,52,54,87,93,80,1.55,4,10,17
12,24,2015,68,72,63,60,73,93,52,0.01,4,15,27
12,25,2015,62,66,57,53,74,87,60,0.01,1,8,12
12,26,2015,53,59,47,36,57,71,43,T,8,15,22
12,27,2015,54,61,46,48,79,96,61,0.12,6,15,26
12,28,2015,40,46,34,24,56,75,36,0.03,8,18,28
12,29,2015,40,46,34,37,87,92,82,0.45,7,18,24
12,30,2015,43,48,38,39,81,86,76,0.19,4,9,13
12,31,2015,45,48,42,37,71,92,49,0.03,5,14,20
